GalaxyID,Gamma_disk,Error_disk,Gamma_bulge,Error_bulge
NGC5371,0.420033856240666,0.20556765480220246,0.0,0.0
UGC05829,0.5089595449146526,0.04075363366016569,0.0,0.0
NGC5005,0.5194002562586241,0.055582857313538424,0.5637818345246758,0.03613070221363753
UGCA444,0.49105914688711805,0.04357619303961933,0.0,0.0
NGC1003,0.6953538206168478,0.05621384833131985,0.0,0.0
UGC07559,0.4778641076020609,0.04691058916958818,0.0,0.0
NGC0100,0.4782175766113932,0.034602440832791924,0.0,0.0
UGC07261,0.5266176357841472,0.07535502122575614,0.0,0.0
NGC6195,0.4121783006872575,0.048776270583482176,0.7668571783924547,0.05516607866379714
UGC01281,0.4959563929295878,0.04435827159099325,0.0,0.0
UGC05414,0.49744685450672604,0.041148893004360275,0.0,0.0
UGC08837,0.4291317515717431,0.05583825086835585,0.0,0.0
UGC11820,0.831342793934641,0.2969646387921607,0.0,0.0
UGC06667,0.5206419994634679,0.05217886247633804,0.0,0.0
NGC4183,0.5538147850521796,0.18983556968314008,0.0,0.0
UGC08699,0.7336475496755286,0.08560015766979498,0.5801541873588559,0.04919693795281278
F583-4,0.5236923480653002,0.055043711076420566,0.0,0.0
UGC07399,0.5483354681012543,0.0849543831182559,0.0,0.0
NGC2841,0.9230730459145101,0.14003495485560302,0.8423902773165537,0.06950057806930166
F567-2,0.5081766753698868,0.04170464902298631,0.0,0.0
NGC2403,0.5551810824252837,0.19395301334843204,0.0,0.0
NGC4010,0.45857926668425214,0.03719032135829365,0.0,0.0
F574-1,0.4955934364205419,0.07817509925393777,0.0,0.0
NGC0300,0.5234574131258022,0.09201383577945399,0.0,0.0
NGC3741,0.5845676883987612,0.09474486745654169,0.0,0.0
NGC4214,0.5177723176031439,0.042632007142889394,0.0,0.0
PGC51017,0.5065775239737098,0.06215420316061732,0.0,0.0
CamB,0.3453665283540802,0.02312327508384736,0.0,0.0
UGC07866,0.5039259385542106,0.05265702991130417,0.0,0.0
F574-2,0.49414560161779586,0.03683926546014608,0.0,0.0
NGC2915,0.42385542168674695,0.033662388175263375,0.0,0.0
UGC08490,0.6757827260813798,0.26248408239516435,0.0,0.0
UGC07524,0.48651895797234357,0.0557086049546139,0.0,0.0
UGC05721,0.5060111033742967,0.057066058403552104,0.0,0.0
ESO563-G021,0.2537249911732099,0.20288601084674615,0.0,0.0
UGC00191,0.6388044859640319,0.25644292322615214,0.0,0.0
ESO116-G012,0.48049309290001657,0.05677452869670676,0.0,0.0
NGC3521,0.4851295916428885,0.04854143339573812,0.0,0.0
NGC5985,0.3055015873461364,0.09089420565463721,0.7231072362018007,0.21296772829315044
UGC05918,0.5032577944058436,0.04185603070669316,0.0,0.0
UGC06930,0.5154888893344629,0.0714537543661216,0.0,0.0
NGC1090,0.49806098379496366,0.09282725381938288,0.0,0.0
UGC07323,0.4978563189275553,0.04360114122708658,0.0,0.0
UGC07125,0.5037500383121631,0.04951517343825456,0.0,0.0
UGC02259,0.4917361628867959,0.15202501858019699,0.0,0.0
NGC3893,0.45316556291390725,0.0338120889199922,0.0,0.0
NGC3726,0.5691354368217029,0.04602039989651699,0.0,0.0
NGC2366,0.3493552425506465,0.03656432565447556,0.0,0.0
UGC04325,0.5053502440670642,0.12963836687230904,0.0,0.0
UGC12506,0.4904160873069997,0.15531268625189512,0.0,0.0
UGC11455,0.39612522709644504,0.12479511215378265,0.0,0.0
NGC1705,0.6140548803319673,0.26347978232484515,0.0,0.0
F563-V1,0.4928159757330637,0.03959358124771784,0.0,0.0
F561-1,0.495750142612664,0.04053013332143444,0.0,0.0
UGC06818,0.42314914765136535,0.03435640193501066,0.0,0.0
UGC07089,0.47948168883256087,0.04511414131310473,0.0,0.0
UGC05253,0.3119425662577558,0.061931710366748736,0.8730532318924479,0.23305621812122668
UGC04305,0.5767412380241381,0.1692031337470912,0.0,0.0
UGC06446,0.5228692116307195,0.07856141647306486,0.0,0.0
NGC3953,0.5458157312129022,0.11143400219639402,0.0,0.0
NGC6789,0.5395231459362905,0.12820343591432667,0.0,0.0
UGC07232,0.5154370636805533,0.10068582131207346,0.0,0.0
UGC03546,0.5560027890176713,0.05148721765249779,0.5169784973140881,0.07130634016848676
NGC6503,0.44040127557799624,0.06219113225911554,0.0,0.0
UGC05005,0.4925153534059363,0.037298527461245755,0.0,0.0
UGC07690,0.5550212376885063,0.09410284648987194,0.0,0.0
UGC00634,0.4875388601036269,0.036055940887904106,0.0,0.0
DDO154,0.3461752221186628,0.06501602849939025,0.0,0.0
UGC07603,0.49996423084309577,0.05340055369931672,0.0,0.0
NGC3992,0.5696231597383745,0.17808961690954153,0.0,0.0
NGC4088,0.4308292193767355,0.030956651086732807,0.0,0.0
F579-V1,0.5301957064445836,0.10817839750650247,0.0,0.0
ESO444-G084,0.5284994501576381,0.05104896034645365,0.0,0.0
F565-V2,0.5125892080069625,0.04339334840698271,0.0,0.0
UGC10310,0.523002942468596,0.06247672376844139,0.0,0.0
NGC5055,0.266283185840708,0.048295941619053956,0.0,0.0
NGC0801,0.6435818286044196,0.052749608968287884,0.0,0.0
F563-1,0.507240468057607,0.04239960842695091,0.0,0.0
NGC6946,0.531045116092108,0.037348712664794934,0.5605646380856432,0.050664247631552195
UGC06614,0.4760618014464168,0.03635523280687168,0.6890884915400523,0.05445151077366064
NGC3769,0.4212518853695324,0.03199408257748288,0.0,0.0
NGC3917,0.5538499500871813,0.17799720457873905,0.0,0.0
UGC05999,0.4873179566245246,0.03598709215861793,0.0,0.0
NGC4085,0.3707976763955795,0.031806854326272845,0.0,0.0
NGC3198,0.5072455980236347,0.06706067904971241,0.0,0.0
F568-3,0.49029147254137245,0.04841545507039142,0.0,0.0
NGC5033,0.38905943270811305,0.0552268760817015,0.44324098685968205,0.07604546127364932
UGC11557,0.4679245858318935,0.03588530141261264,0.0,0.0
UGC02885,0.46990053427019873,0.06955217961098666,0.9893430816733371,0.05424199893575856
KK98-251,0.5056692913385826,0.04008324818128068,0.0,0.0
NGC5907,0.5802912795041514,0.2711491530378908,0.0,0.0
UGC06917,0.5131069460892849,0.07342627521269725,0.0,0.0
UGC09992,0.5082835943553499,0.04448323445504101,0.0,0.0
UGC04499,0.4921623564035306,0.053147405888678,0.0,0.0
NGC0289,0.4992745084622815,0.050697214713653044,0.0,0.0
UGC06983,0.5405561312625395,0.10088058597938132,0.0,0.0
UGC06973,0.24429118773946357,0.04697678500673523,0.541427595995822,0.06269301457667184
UGC02487,0.7068812190655499,0.08180751687984239,0.5802119579027905,0.07291425484055072
UGC09037,0.27719047619047615,0.02010003328028291,0.0,0.0
NGC4051,0.47932198356923683,0.06103218954285506,0.0,0.0
F571-8,0.2508488240436446,0.07216895913978037,0.0,0.0
D564-8,0.4845491266053509,0.04203194750886197,0.0,0.0
UGC00891,0.5044344669623491,0.04661096800328087,0.0,0.0
NGC2998,0.5221051967587864,0.15792159088145086,0.0,0.0
NGC0055,0.34490453797635756,0.05029919012238104,0.0,0.0
NGC2683,0.570843350152107,0.10120512378482434,0.6797061442564558,0.050111212272042155
UGC12632,0.49233221913884184,0.05139556149536998,0.0,0.0
F563-V2,0.5242575428257487,0.05296264595651291,0.0,0.0
NGC5585,0.4061751087544956,0.15454017718388222,0.0,0.0
NGC2976,0.5529356330973025,0.09397539929530811,0.0,0.0
NGC7814,0.5582079467067829,0.08552087308586433,0.5826341463414634,0.036863463369416864
UGC05716,0.530277695913082,0.08960044286360248,0.0,0.0
F571-V1,0.5002812148481439,0.03857019511008605,0.0,0.0
F583-1,0.5051759665365257,0.04657825251419889,0.0,0.0
UGC11914,0.3898972339689212,0.05104404875168011,0.7831962033168941,0.10582603527976613
NGC0891,0.24083333333333334,0.027676203175692696,0.5791666666666665,0.04707411414166199
DDO170,0.48222450740803474,0.04185467679126837,0.0,0.0
F568-V1,0.5202923131156223,0.06549499840620064,0.0,0.0
ESO079-G014,0.4955480513580673,0.05350669686785136,0.0,0.0
UGC06787,0.9351050102544363,0.09277528222100598,0.21417452402687928,0.031962091559745144
D631-7,0.386293213828425,0.04412173031319235,0.0,0.0
NGC2955,0.331016370986751,0.030030207203447273,0.7794704815920556,0.1445314147576575
UGC03580,0.8109161832306301,0.1201234981440541,0.29127325385965686,0.048783397548249036
NGC4100,0.5282463448168333,0.09639888517666881,0.0,0.0
UGC06786,0.4222013581728793,0.07876745930653037,0.6522097840380936,0.08050775225794102
UGC00128,0.537846161056094,0.26464479952525755,0.0,0.0
NGC4068,0.4724999999999999,0.03929058411375427,0.0,0.0
UGC00731,0.49431316565299366,0.04917471013439595,0.0,0.0
UGC07608,0.49999999999999994,0.04031128874149275,0.0,0.0
UGC05750,0.5002407002188183,0.038792595646223525,0.0,0.0
UGCA442,0.5071777344837184,0.04730353660370563,0.0,0.0
UGC04278,0.5046005197711685,0.07123739694741969,0.0,0.0
UGC07151,0.7722370034618411,0.24327522410446936,0.0,0.0
NGC3972,0.4950500212200175,0.0768950296150748,0.0,0.0
F568-1,0.521473186569852,0.05576898190285336,0.0,0.0
NGC7793,0.564066838896632,0.043443053003809386,0.0,0.0
NGC3877,0.31902148747302983,0.05278662576061994,0.0,0.0
NGC6674,0.9520885530883512,0.15514949904628522,0.7915193048925412,0.08536199034634512
NGC6015,0.6427016335455047,0.09033585531539538,0.0,0.0
UGC12732,0.5260883393442221,0.05225836493254672,0.0,0.0
DDO168,0.4749322524879689,0.04995993197436449,0.0,0.0
NGC2903,0.3347878246262565,0.07891498012075286,0.0,0.0
UGC02455,0.347898978228689,0.09728598487477888,0.0,0.0
UGC02023,0.49412344398340247,0.036281508129105945,0.0,0.0
DDO064,0.5005339260417174,0.04546585795735813,0.0,0.0
UGC05986,0.5251207816068812,0.05072409727484225,0.0,0.0
UGCA281,0.579220568673254,0.16145761830822503,0.0,0.0
UGC06399,0.5258719526094849,0.057688034532565255,0.0,0.0
UGC09133,0.7110136758591923,0.0684040843004205,0.47942967409948545,0.07809702846283667
NGC0024,0.7777271750941304,0.44578528843672444,0.0,0.0
UGC08550,0.6374003591322861,0.20844227446992797,0.0,0.0
UGC02953,0.5685917564095554,0.055896764413025955,0.5802036849021128,0.058827030464540866
NGC4138,0.5364617239300782,0.0789263790434015,0.680172157910359,0.049967339135029806
NGC0247,0.6989877052034534,0.545314016796191,0.0,0.0
IC4202,0.3089965809391656,0.15946265940550508,0.16762093910832374,0.07995907617541399
UGC08286,0.5586739002804338,0.384855138491016,0.0,0.0
IC2574,0.4339375025384723,0.1263025196406933,0.0,0.0
NGC4559,0.4804451109852575,0.04743336702530059,0.0,0.0
UGC01230,0.506809286148202,0.04392820153445622,0.0,0.0
UGC07577,0.44754177549641494,0.059499360424248825,0.0,0.0
UGC06628,0.507088772845953,0.041688804686378776,0.0,0.0
NGC4013,0.5600531139345969,0.028085834366332177,0.8126553537284896,0.05745685682986671
UGC03205,0.4523568145111193,0.18106145776565793,0.848267813369577,0.12519759106352515
NGC7331,0.42974433468913426,0.027664121290527224,0.6139259369424427,0.044405119309901264
UGC02916,0.483368132566683,0.27280446230075267,0.21683090981244144,0.1794227892408378
UGC06923,0.48634504939122447,0.04927540604728052,0.0,0.0
UGC04483,0.5076583593989608,0.05291095343556436,0.0,0.0
NGC4217,0.638832241215337,0.17998408207517289,0.24989021701721006,0.04472270644406934
NGC3109,0.528627649158163,0.12185566822392968,0.0,0.0
UGC05764,0.47756838079091396,0.23058145951685916,0.0,0.0
NGC3949,0.48656819281773306,0.041305466761353,0.0,0.0
D512-2,0.5067654422318851,0.05102089029025264,0.0,0.0
NGC4389,0.30542910447761196,0.020547601540052942,0.0,0.0
NGC4157,0.5096025519595404,0.027996895644462106,0.6508231835363294,0.044992820185397686
DDO161,0.46465397825052573,0.07310622425105022,0.0,0.0
