GalaxyID,log_M_b_fit_hern,log_M_b_fit_dehnen,log_M_b
NGC5371,11.528797276305188,11.600693502288768,11.198233537997414
UGC05829,11.612247081348627,12.805914999531346,9.216863165923959
NGC5005,11.482694261913153,11.31273577369737,10.975567883583865
UGCA444,9.82513557995636,8.96259802712567,7.977735992848643
NGC1003,10.139853498720278,10.10998570871066,10.099083440219218
UGC07559,10.289625369583527,9.575710555803976,8.442255803088543
NGC0100,9.933800929548418,9.761268070714962,9.622452271011904
UGC07261,9.954276797423226,9.747386603789051,9.442354435156112
NGC6195,11.968628614511413,11.692147624438046,11.276460313137932
UGC01281,11.525125536969899,9.857438808385693,8.752887482938718
UGC05414,10.608762381324087,9.786753932380027,9.121248806086697
UGC08837,11.658296745117116,10.585736986255842,8.80658354967687
UGC11820,10.29020472148262,10.46843821253605,9.536029456659959
UGC06667,11.462495529125274,10.869499660790407,9.256069637991923
NGC4183,10.570939245525967,10.443196155770448,10.027970007376327
UGC08699,10.855653891377006,10.740406735102345,10.621959788280831
F583-4,10.187657602446912,9.697264238534821,9.243202398525817
UGC07399,9.62633437838367,9.780823324692987,9.210780077249435
NGC2841,11.466843619248294,11.449168542903749,11.271028400217496
F567-2,10.468043298004552,11.171665672772907,9.637651711680494
NGC2403,10.323095703279884,10.251022744809177,9.992520082878492
NGC4010,10.909482970324706,10.58853121531902,10.06635997167488
F574-1,10.78584883831182,10.957469686587103,9.899087726098722
NGC0300,9.983203220413573,9.858351560522506,9.443172607422657
NGC3741,8.773553821875366,9.971918706689445,8.41233939055449
NGC4214,9.151318226461445,9.1054944243823,9.092425243073464
PGC51017,8.927609601395826,8.742132457469758,8.538887172511732
CamB,8.966928982018954,8.44342953186016,7.621825052930603
UGC07866,10.575339933806527,9.473862509707057,8.341289702065017
F574-2,11.53546744401034,11.785297214690475,9.566318076718012
NGC2915,8.96571798300873,9.172795035934413,8.976501898310708
UGC08490,9.43959420832682,9.383913763311831,9.216131852375984
UGC07524,11.673476997947624,11.807651911129708,9.550378823066982
UGC05721,9.174667843438105,9.12505254379556,9.006958631783434
ESO563-G021,11.556900451399184,11.437768008481504,11.046377001347844
UGC00191,10.294772252713464,10.141586488353651,9.486622318105658
ESO116-G012,10.235885587149252,10.029010750541186,9.544398770717056
NGC3521,10.953399319426207,10.898500080265649,10.669142700405072
NGC5985,11.620424323189807,11.417575306784922,10.898594189826918
UGC05918,11.32657583810623,10.092914425692586,8.709498131341528
UGC06930,10.674106254808255,10.70534414322428,9.94985609891049
NGC1090,11.025747748244587,10.96333476203214,10.677280137941654
UGC07323,12.099841315007517,11.084118323163356,9.477981985653297
UGC07125,10.56931371359702,11.18754218876568,9.876376058045334
UGC02259,10.184113680247684,9.875646196220288,9.17761292931578
NGC3893,10.727293181024486,10.700547954901525,10.53445998778481
NGC3726,11.011159321962916,10.981514186167605,10.68647313933361
NGC2366,10.18806054533523,9.627797341433311,8.974492274431359
UGC04325,11.073780213570338,10.191730627191783,9.284561475038188
UGC12506,11.502425179360003,11.37640069723901,11.063473510684155
UGC11455,11.758505184915194,11.62914778849174,11.220144549605171
NGC1705,8.893926425032351,8.862107997640106,8.70940671778871
F563-V1,11.39142643839087,10.0368952270498,9.195965096660315
F561-1,11.7728765220476,11.760442088446595,9.621013477217025
UGC06818,9.812830385587784,9.708021439207556,9.323670893630789
UGC07089,10.542307417130608,10.117459052895896,9.522908517899708
UGC05253,11.11165232879124,10.964451151506388,10.87697032773071
UGC04305,10.552175160081418,9.86999073191203,9.127811264972536
UGC06446,10.393134730326231,10.936717028480391,9.371190700540335
NGC3953,11.515026473412444,11.416653950716414,10.90789949905636
NGC6789,10.288731714889462,8.674564847479406,7.884015054340969
UGC07232,9.388482207464016,8.736240492344963,8.077093025096072
UGC03546,10.95454900855415,10.887014406961988,10.777432975173973
NGC6503,10.06368382232651,10.042728440225124,9.901810974864048
UGC05005,10.65219812500935,10.520674650716273,9.787673173511662
UGC07690,9.257905953405348,9.226148886104978,8.997783019896664
UGC00634,10.40320701118237,10.272271669064612,9.801338091112433
DDO154,9.280285547070816,9.051962129352368,8.584441239359956
UGC07603,9.101819565296557,8.977509312434641,8.725198012163654
NGC3992,11.449831701109641,11.433218769490015,11.179960596347955
NGC4088,11.197087942907332,11.125181567912005,10.757111393919011
F579-V1,10.88079464513427,10.622508216152125,9.966967689985406
ESO444-G084,8.975892905080656,8.825207775052053,8.336606730581824
F565-V2,11.438881090925065,10.846543525618706,9.085007629859069
UGC10310,11.091811060094564,10.273483757626444,9.398153303074608
NGC5055,10.87934146842608,10.864648821000287,10.75059183112195
NGC0801,11.551568620344991,11.52704842064875,11.365528608556929
F563-1,10.701063328156502,10.742697702427963,9.71777686805599
NGC6946,10.96292298962437,10.888737426538906,10.630244237116578
UGC06614,11.260618719247194,11.12278037179051,10.946006565259337
NGC3769,10.265111152616285,10.24325415751686,10.182475539757101
NGC3917,11.145392320214995,10.833650242266135,10.166634572037381
UGC05999,11.191893377950569,11.514788081417013,9.637323982042822
NGC4085,10.703857124356173,10.488911233694477,9.993408836983999
NGC3198,10.808778167005586,10.787606077886227,10.529848844466647
F568-3,11.460685233046874,10.856060348889063,9.921234919378048
NGC5033,10.859194036247263,10.8134886991541,10.763743781904552
UGC11557,10.834611605944623,10.558122768275735,9.9603283081067
UGC02885,11.727275333717644,11.633474249686396,11.385456770305096
KK98-251,11.536215411330549,9.700690873459179,8.292105127272455
NGC5907,11.398243647293675,11.368104353945718,11.113143674053244
UGC06917,10.48745069262478,11.359085797815187,9.792120987549747
UGC09992,9.505338916870521,9.51773980831064,8.773584083662008
UGC04499,10.291863888078126,10.351062718985778,9.347688229226607
NGC0289,10.925156144770472,10.942832877306662,10.860421787087484
UGC06983,10.372618396802608,11.099895734668777,9.833145605809367
UGC06973,10.181164319874174,10.179865808627984,10.19009224578831
UGC02487,11.691803087634817,11.675898389588381,11.568472519290301
UGC09037,10.975436259129506,11.012520542183871,10.647313392652183
NGC4051,11.112668425077203,11.909943093717375,10.692415553156009
F571-8,9.705773416228023,9.636909889367614,9.691937512502475
D564-8,8.425940629265178,8.201463449982493,7.7368753262171195
UGC00891,9.732863619749438,9.510478118365794,8.879611042168543
NGC2998,11.368884355938423,11.257456184880475,11.041300085287718
NGC0055,10.476187231771318,10.230975070273356,9.565572544736984
NGC2683,10.821173278640803,10.814380090553037,10.67919476875988
UGC12632,11.55059870629778,11.58833473297008,9.471298198592367
F563-V2,11.527439682451877,10.493334424138979,9.648379824397606
NGC5585,9.959312531779066,9.994203480414255,9.535770360284928
NGC2976,12.654439194398448,10.838827857812998,9.320708223456144
NGC7814,10.563860928297512,10.482949272352178,10.63372875285736
UGC05716,10.17292719887242,10.533967105563994,9.247193114248274
F571-V1,10.42301516366808,10.110258235580957,9.40545393272225
F583-1,11.426150793573367,11.7032740125521,9.521880916128605
UGC11914,11.577738337394571,11.15903988656982,10.775803651274346
NGC0891,10.856569630555281,10.801112264530408,10.593854524578616
DDO170,10.238774499387652,9.91725103096981,9.093210758594221
F568-V1,10.639325864337147,10.630960176262441,9.724533755555594
ESO079-G014,11.864902430660546,11.969990560749817,10.474396755216393
UGC06787,11.15677534000557,11.036830153979864,10.993742896744216
D631-7,9.125222930788242,9.028667189700855,8.664090268603708
NGC2955,11.568591239289244,11.400373956504849,11.159073914538155
UGC03580,10.41570604034928,10.317028986777544,10.219315014658113
NGC4100,10.898810411233283,10.868979689205805,10.550232309448193
UGC06786,10.907051873235844,10.812528271511038,10.57613895983368
UGC00128,10.799144755271644,10.778392062783904,10.213468370945238
NGC4068,11.811204907472074,9.770524708732408,8.500140381345458
UGC00731,11.484866729850028,12.391492080056508,9.408744056914013
UGC07608,11.513923554035014,11.894914537838831,8.926110829759205
UGC05750,11.250924078032769,10.616345762844503,9.495609959053846
UGCA442,9.44799448960416,9.23187355806964,8.624070449840557
UGC04278,11.738535963332305,11.859531279647287,9.33118282406902
UGC07151,10.177960556387909,9.959646223758782,9.412136060494625
NGC3972,11.107821424705588,10.820347577256722,9.940520118376952
F568-1,11.849339493028419,12.021090735645487,9.96579370525163
NGC7793,10.362035249566691,10.216240299696043,9.709422718755194
NGC3877,11.610129971599857,12.274976369277423,10.399891914239067
NGC6674,11.57975319534967,11.542120867651363,11.392958974042019
NGC6015,10.7712061203632,10.708432131470675,10.453449538087833
UGC12732,11.22910750028002,11.428517782414838,9.759274101925053
DDO168,9.445324907085471,9.193698512439848,8.80618137201982
NGC2903,10.688056624446567,10.672379525998185,10.48856334593
UGC02455,10.062882518196858,9.798592297804325,9.36874667209987
UGC02023,11.379833043330096,9.864956713356806,9.107455366507704
DDO064,11.726345731685901,10.116737156260687,8.555353044611879
UGC05986,10.167092598028823,10.020599498519427,9.77905885045653
UGCA281,9.202260824452104,8.514441768021666,8.289653134033163
UGC06399,10.635632827455323,10.089690392400998,9.323008992942798
UGC09133,11.504262174096702,11.447174299376385,11.390269907143592
NGC0024,10.105246274352506,9.980513679599618,9.593691475985137
UGC08550,9.19477619440163,9.054565102586256,8.753773512158864
UGC02953,11.482578874952969,11.412398291803362,11.198028652127713
NGC4138,10.438635339707329,10.435038863388204,10.408854550681157
NGC0247,11.088542334398486,10.707779402185023,9.871990559514671
IC4202,11.986866697842249,11.521966468382033,10.856942701664321
UGC08286,9.965325234829432,9.71983423870518,9.191729204944947
IC2574,11.362925519273954,11.7902074737095,9.259775514205707
NGC4559,10.595013214923858,10.530138408322198,10.231424092019214
UGC01230,10.735850525580606,10.664830356152205,10.093904280959514
UGC07577,11.336272538053143,9.040358467959436,7.895750518373937
UGC06628,11.210129645780334,11.72505765696854,9.59006178013636
NGC4013,10.694405655739269,10.69462227490149,10.6834338654881
UGC03205,11.243339710893117,11.13842912410995,10.808056565709451
NGC7331,11.232027502844623,11.218112602340227,11.087874945499712
UGC02916,11.697064562244275,11.352228000430618,10.958872861778426
UGC06923,9.962345282662497,10.350553706913777,9.39471553835383
UGC04483,8.88274436512813,8.294215825988667,7.691607975371975
NGC4217,10.88755660080841,10.703284385676655,10.762672648156963
NGC3109,10.3490964392031,9.526748854898244,8.867446134386554
UGC05764,11.572948541395442,9.56306700854882,8.410580385685044
NGC3949,10.78497652561843,10.709103634828539,10.361833968320484
D512-2,9.18147970475827,8.924569816249898,8.435252967554106
NGC4389,10.809485836894268,10.566571091857046,9.8592020816576
NGC4157,11.099510538169305,11.065378405061448,10.811339039033502
DDO161,10.066365066660936,9.824475782956183,9.319599516508582
