GalaxyID,M_b_fit,a_fit,gamma_fit,ChiSq,M_b_fit_bulge,a_fit_bulge,gamma_fit_bulge,ChiSq_bulge
NGC5371,,,,,,,,
UGC05829,7.308853801341269e+25,6250267.431787795,0.2341814441635315,16.069110739068876,,,,
NGC5005,205463275740.15775,2.949026216508922,0.04731386640677106,364.31846805913733,,,,
UGCA444,346248939.04385513,0.06462537988026033,-30.784747209682738,12.65856417622709,,,,
NGC1003,11928664574.847548,0.6419098195514137,-4.235131826545807,196.29927293285363,,,,
UGC07559,3764488932.4993873,6.416285348660768,0.7347707644781456,1.4065952947317841,,,,
NGC0100,4958352856.765549,1.4538770892344675,-1.1409005358987891,20.791161872274152,,,,
UGC07261,3502269820.085248,0.15863972335026755,-20.1901300379171,19.28569273746939,,,,
NGC6195,,,,,99314076978.18109,0.24434343136864844,-9.12066505026122,611.6709577681368
UGC01281,7201722561.228277,6.884184741919348,0.3376352462309238,45.114082695268124,,,,
UGC05414,4232421186.843673,1.7296915847684937,-0.9303373744377544,0.20287380792234827,,,,
UGC08837,38524281286.93031,14.149393127949839,0.3872707480148856,9.432783820884675,,,,
UGC11820,29406122982.494495,22.53017064425008,1.1542157304070906,48.914584906961736,,,,
UGC06667,13704765039.462784,3.771902832557804,-2.219536449512713,8.841741272266692,,,,
NGC4183,27456432415.51644,4.3995833270762335,-0.06530640692025107,376.4495027140549,,,,
UGC08699,52233109493.25112,1.8905923410935954,-0.4034174631750786,1547.3638577422219,,,,
F583-4,4645378437.192832,2.9419811567395797,-0.17620880811187412,2.568523869759743,,,,
UGC07399,6036977124.29894,7.343246284901999,1.337344730561425,3.816862712356022,,,,
NGC2841,,,,,38949933161.707596,6.553705524490066e-05,-166.97384824460207,0.45621409524870543
F567-2,3.8649868090175436e+20,67492981.52788205,1.3600783350054486,21.448020824014684,,,,
NGC2403,17824723470.253807,2.027630415609554,0.22684025164146507,225.30738694027815,,,,
NGC4010,27921517472.964436,1.881509376897252,-1.8730950291424946,15.575621218466543,,,,
F574-1,90663905177.56445,40.335778076501725,1.0934933563539821,41.61768164446749,,,,
NGC0300,7216934395.3870325,3.111130011933642,0.12381462020184542,69.27308758557406,,,,
NGC3741,1.6445999550194074e+17,102031862.18305555,1.7842883679449746,8.88863577164828,,,,
NGC4214,1105674908.7418337,0.09703492774317524,-6.8142174274211404,37.25768070930254,,,,
PGC51017,427008357.78842413,0.39817778066103793,-2.282095145328543,0.42775740804150997,,,,
CamB,160857108.89830142,0.3092672502566342,-3.075448324516725,2.1093066258666964,,,,
UGC07866,2977569290.560456,5.077587969692039,0.6139518415679842,0.5360480433554842,,,,
F574-2,,,,,,,,
NGC2915,79479316455077.61,60262661.63125144,2.278952696565929,82.28664215311737,,,,
UGC08490,2366463175.7192664,0.8118467388838992,-0.31363191667416035,10.750797238581944,,,,
UGC07524,1.3244213082996916e+23,51610439.33088503,0.9880151770760834,37.39618456258991,,,,
UGC05721,1333681505.9957666,0.9802130416469298,0.6032385430711478,69.31131308562239,,,,
ESO563-G021,274010751657.00714,11.006362926928489,0.31799568866939826,1613.4901147274036,,,,
UGC00191,13854359112.53076,6.65457887573845,0.7095761204709209,5.29490858799231,,,,
ESO116-G012,10690819409.178493,2.7172196372619117,0.0006431569522562143,29.78628027873244,,,,
NGC3521,79158707983.81688,1.563447687835367,0.3428733036748254,1617.8425666300373,,,,
NGC5985,,,,,7364409904.47254,3.3459216932152376e-05,-162.01606752324128,0.0038889729152251475
UGC05918,12385393765.807251,12.66723585014788,0.46113916832255386,3.423870316592878,,,,
UGC06930,50739011619.31377,16.917004942522784,1.0695838348003823,52.40849951523559,,,,
NGC1090,91904274659.59196,5.263264957089089,0.511291761728488,309.6985812794352,,,,
UGC07323,121371631567.47704,21.593977401959012,0.7594933026043199,6.14082161521103,,,,
UGC07125,226654060044.30603,138.20434080581816,1.4375845704040782,78.71255327250445,,,,
UGC02259,6530558627.415678,2.633620283381064,-0.5333903972139106,2.7900338975847436,,,,
NGC3893,47246418637.27032,0.5730193920597869,-3.450771149323187,62.25294877443762,,,,
NGC3726,,,,,,,,
NGC2366,3774553559.257651,2.7680256778655963,-0.28080935304165516,2.306722807745351,,,,
UGC04325,10584761285.163774,2.3538853562087056,-0.9504507048188968,12.394148799466146,,,,
UGC12506,,,,,,,,
UGC11455,,,,,,,,
NGC1705,642467188.1035727,0.028322879403826377,-20.81972975291968,11.53154552413829,,,,
F563-V1,6123716836.407946,3.6502020641038544,-1.1860398164618406,1.6066746750995256,,,,
F561-1,1.5809477075781588e+22,39303610.89800126,1.1037949321526164,4.65650619257963,,,,
UGC06818,5105301243.056094,4.901725755099382,0.7288959316281405,2.062254502142227,,,,
UGC07089,10818398544.06684,3.2279394110382373,-0.6169232143409826,0.6584551561804065,,,,
UGC05253,81830526766.9424,4.0020751843336475,-0.7524077849642555,302.26643362462426,77303001550.50438,1.0210151068426878,0.8243088176869533,4992.53211054036
UGC04305,7412927443.50707,3.9489699847512876,0.1311886589262185,38.93771981830873,,,,
UGC06446,86432376001.98726,55.642619361382316,1.279095902451243,35.73096859915286,,,,
NGC3953,,,,,,,,
NGC6789,288293614.92713356,0.3226360592426393,-0.9992984793966696,0.03514103131097242,,,,
UGC07232,230168438.2230098,0.03496547634190084,-19.984749219207654,0.06497227194311013,,,,
UGC03546,65707039199.8531,0.6857291247848043,-3.810701392549996,599.7623592064566,,,,
NGC6503,,,,,,,,
UGC05005,33164864399.04097,16.05017329020035,0.68413396260099,7.89505831787733,,,,
UGC07690,1683251053.8576093,0.9936099565555843,0.630470603436077,0.4555042513614362,,,,
UGC00634,13744666325.085861,0.6680649896499765,-13.74907211482714,3.704598768417649,,,,
DDO154,1127091453.9075818,2.5649168336493484,0.1915810411976055,5.8239579419657606,,,,
UGC07603,862351855.0628575,0.6347096790677951,-0.7940768943894767,11.471065447104667,,,,
NGC3992,,,,,,,,
NGC4088,104589292156.80978,0.232138647919549,-25.884989722252456,1439.2892589966493,,,,
F579-V1,41928401884.365166,9.777355034810686,0.5167559065133042,28.13772389648873,,,,
ESO444-G084,522929573.84841186,0.39933491328657944,-2.5232008268623485,10.904833479237453,,,,
F565-V2,70233667086.37099,31.951912571211594,0.638980656692289,1.2465131755489387,,,,
UGC10310,18770843152.145786,6.984925210874689,0.17106921029203087,7.745155885218028,,,,
NGC5055,73223206275.54637,3.130429155795615,0.7438576979251724,403.2595795792987,,,,
NGC0801,,,,,,,,
F563-1,55296509616.27221,38.00325300559429,1.0342747334521782,13.603823145413417,,,,
NGC6946,67937327202.56496,1.0348058211488267,-2.819211385596686,3051.2898351521517,,,,
UGC06614,,,,,,,,
NGC3769,16389315030.854263,0.33105915128549573,-7.151889693181007,28.53419617102586,,,,
NGC3917,55407994298.30403,3.8544556843581805,-0.9304257925210846,300.00129268126955,,,,
UGC05999,,,,,,,,
NGC4085,30350531709.143326,2.155551372715328,-0.06341727119524948,33.62642051252158,,,,
NGC3198,61321329768.71426,7.154523234526691,0.828649945596045,2189.847535106065,,,,
F568-3,71789416105.25006,19.46490561243043,0.52115731306508,4.903834781659755,,,,
NGC5033,59105102572.66543,0.912474447827562,-2.6599342732363787,621.3453394221094,,,,
UGC11557,36151137086.22698,6.1090601529909865,0.4184365682606374,33.19847422695141,,,,
UGC02885,,,,,,,,
KK98-251,1497987381.7432203,0.9851056286030139,-2.690519368836157,5.884145841964463,,,,
NGC5907,,,,,,,,
UGC06917,1.4253879139587166e+19,55534144.54597974,1.6210744166680073,3.8618292673061294,,,,
UGC09992,3294125105.3704815,6.022819565083676,1.0177870771807043,0.48362391791904447,,,,
UGC04499,22442172002.64014,14.915055709759612,1.0648451836215558,6.730605085545327,,,,
NGC0289,87665807026.7333,5.448743755336799,1.3270246499698382,1798.2858098461302,,,,
UGC06983,727462869653.8984,525.0742395395316,1.7886872407186996,41.00225541680166,,,,
UGC06973,15084400989.201914,0.09218435461122479,-3.4230637960333987,3.169335489092229,3963046172.96381,1.5577841357924892e-05,123.84603420609437,0.00026381537706815224
UGC02487,,,,,,,,
UGC09037,,,,,,,,
NGC4051,,,,,,,,
F571-8,3956745772.3111205,0.5417086227736295,-1.4225514919902276,55.29400124697622,,,,
D564-8,125617286.06082015,0.5826794602681619,-1.615682823057664,0.012484182815304013,,,,
UGC00891,2113978482.2375915,0.4829154014817418,-8.149582328611267,2.2933264116421075,,,,
NGC2998,180906296604.19897,4.675240913473185,0.018567292991536758,238.39139101669414,,,,
NGC0055,15709903118.897488,4.195666442693925,-0.33382504689865067,21.54644889723106,,,,
NGC2683,,,,,,,,
UGC12632,5.199756972022899e+21,20855906.800611116,1.0634727210817223,10.807800438708997,,,,
F563-V2,31141090915.259434,8.746502706345375,0.21170290557727595,15.272441888669594,,,,
NGC5585,9867407422.696657,6.68189374250705,1.0827631397959003,19.121328365473595,,,,
NGC2976,51707870981.11773,3.5778116761004264,-0.15621002873188417,297.666828261862,,,,
NGC7814,26322646992.034977,1.04653297797394,-2.677908280188566,131.96603547799126,,,,
UGC05716,34195354016.147247,40.45350274303299,1.2955549050544544,13.057944946200134,,,,
F571-V1,11069539906.997492,4.4098615284597225,-0.5874527356052192,8.41739467852586,,,,
F583-1,8.207575157092074e+23,90599275.63386622,0.9105210788365259,37.69400919349274,,,,
UGC11914,120226945980.37086,2.508488206562614,-0.5774459141981602,309.6517222291749,39495427294.42956,0.5424037742985882,0.20270560874046428,2038.7972396551013
NGC0891,,,,,,,,
DDO170,6486503709.786867,3.3980045108534704,-1.1058498430103343,10.075754619715763,,,,
F568-V1,42752315737.35368,23.03849630328629,0.9911763198663636,27.18197409060461,,,,
ESO079-G014,933211169583.6826,65.65538618341591,1.0415528519459534,232.04574488295708,,,,
UGC06787,91710119228.10303,1.9570290258208083,-1.6799565637141518,1548.4088795140915,12022387300.795887,0.2601710587874383,-0.5804600031122926,633.1589806092101
D631-7,865035189.2157389,0.35885830788789363,-4.615938935190311,6.027081573274225,,,,
NGC2955,220040198940.31073,4.5039795079459175,-0.8511183134068817,254.59639579240599,72251609649.70992,0.07554216759443079,-29.20265811714904,2068.171632291048
UGC03580,19031481745.645855,1.317334112349193,-0.8037349604448537,158.0111275063645,1228592172.9579813,0.0732731712921018,-6.135475398534768,186.6196241392541
NGC4100,,,,,,,,
UGC06786,49202434550.58381,0.3843413894147332,-15.734395480377948,2176.6734778171744,14324626263.6647,0.13635232646843065,-3.0980037407118792,313.6193135456961
UGC00128,,,,,,,,
NGC4068,5895557070.056583,3.8826958324886043,0.12272285174541461,0.42745925626272485,,,,
UGC00731,247468076881.0266,30.160948144373556,-0.12490293767587513,34.061696110469214,,,,
UGC07608,4.586543806840974e+23,25717709.02237945,0.8039773873582441,1.6278167620542843,,,,
UGC05750,41337878997.75304,16.11150726390174,0.22421514027843018,16.8673134660774,,,,
UGCA442,1160511372.9066436,0.4549653413539094,-5.351529537329176,21.041205180804234,,,,
UGC04278,4.840756162452872e+23,76622202.44014937,0.970256219934559,454.330694898625,,,,
UGC07151,9112649208.168587,2.9100531223953987,0.3970950587572376,17.492256764821907,,,,
NGC3972,66125064052.21152,9.088604850270883,0.611407127056829,110.3128257670613,,,,
F568-1,4.363048558328556e+23,65588237.261370674,0.9678676948938182,58.694460180853405,,,,
NGC7793,16452783610.305374,2.6367188263712693,0.5789045951872792,499.4380678216869,,,,
NGC3877,1883677728085.6052,93.56676485054284,1.248000115315159,464.18554678777076,,,,
NGC6674,,,,,,,,
NGC6015,48302284482.2909,1.86056406160641,-0.8272487201714244,1561.022344730153,,,,
UGC12732,1.349815917183625e+22,178789446.9925084,1.2574460567143493,66.68422688943492,,,,
DDO168,1496593860.2113967,1.3583579130030554,-0.16138080076117042,3.1377175434255045,,,,
NGC2903,47030409308.87275,1.754672378549028,0.688946374987662,4957.263216578651,,,,
UGC02455,4911993189.3563,0.812985957788427,-1.4174496956220524,4.72695175244782,,,,
UGC02023,3155244760.333342,0.8420937245767705,-3.3558857195995317,1.2761095809231024,,,,
DDO064,5851997918.176803,2.870840718694717,-0.6378272697281292,16.574276534580612,,,,
UGC05986,8816342887.737045,1.2488376936224168,-1.5867524391279546,145.54845898073629,,,,
UGCA281,187443557.10505947,0.22466233013292614,-2.4156887636043205,0.26669942722598095,,,,
UGC06399,12293904323.553316,4.93622612345776,0.044868289869714834,2.9297269367505363,,,,
UGC09133,250721128368.78577,2.177743964823182,-2.0959227058509136,2138.749579126368,45588703442.76871,0.15678290437709105,-6.067607441115025,1215.3448113530408
NGC0024,7919336700.368201,0.8307803031556832,-1.5297590076755812,285.1820456818152,,,,
UGC08550,1058347910.4398661,0.9470678225375433,-0.4790140525276934,46.04572955559355,,,,
UGC02953,219778751135.20645,1.2998250115437788,-2.9578435319536567,14683.4655606223,21646678543.89986,0.1570549389899148,-2.7703933430730077,4147.281536335957
NGC4138,,,,,5775402851.8665695,1.9141539013554746e-05,-105.52912837860346,4.181630431459176e-05
NGC0247,51023497465.01859,11.538077569095881,0.40025932890715044,64.70781700206594,,,,
IC4202,,,,,7574299441.185418,0.01866669397889979,-108.94232078399497,136.79326387062082
UGC08286,4938432920.614575,2.4304631733026327,-0.2438341788315165,20.974323387297595,,,,
IC2574,999775239748.894,128.87962290772035,0.6771775865742129,20.48215314935281,,,,
NGC4559,33895226343.951244,4.044067474536831,0.4274432587456943,128.24826847888966,,,,
UGC01230,46219945508.826836,16.67339856339313,0.7746295183377732,28.00605899877189,,,,
UGC07577,680175175.1466416,1.694733310589115,-0.43422985023211136,1.4665790358739246,,,,
UGC06628,6.846144660820994e+21,42071225.00548028,1.1785948556317776,1.5203512330974573,,,,
NGC4013,,,,,,,,
UGC03205,104199686158.6487,0.4741129103339602,-16.575859788317135,3620.657604195166,17673280149.62742,0.03358487436971482,-30.10676734228983,854.3203516692242
NGC7331,,,,,7138652066.488633,0.00032774419262613784,0.01060448282427621,0.0008910169820228152
UGC02916,225023557712.43393,15.279642138771047,0.18719778494188796,220.22587467140482,21069063344.021423,0.2570341719889885,-5.778744497700381,1332.0613395061885
UGC06923,22415779764.429447,15.744463956152837,1.4906247493457172,0.08111250318305657,,,,
UGC04483,179871048.4119783,0.59943102172442,-0.1987024299991875,0.035899679805634854,,,,
NGC4217,34891032390.547676,0.8680212130015602,-7.692889732497542,927.5202461256961,,,,
NGC3109,2201588217.8622985,2.08556704813346,-1.2110864772745238,4.898970781019541,,,,
UGC05764,1967568206.1842096,1.5635541028292195,-1.3072094071910425,5.0160619948142795,,,,
NGC3949,,,,,,,,
D512-2,,,,,,,,
NGC4389,36861453951.377655,4.181059666094431,0.5061462163143694,32.86884499767729,,,,
NGC4157,,,,,1313740596.6165414,4.136193586673364e-05,4.782986702631994,0.00011024718113126773
DDO161,6537840859.481047,3.5903811645237096,-0.07652244281895378,37.15043696698003,,,,
