GalaxyID,M_b_fit,a_fit,ChiSq,RedChiSq
NGC5371,337907014118.73315,10.718279437217292,5220.849666718004,307.10880392458847
UGC05829,1.1410242862920803e+21,5515868.853642917,182.81823916975648,20.3131376855285
NGC5005,162875069073.16626,2.818297061509661,1587.8691702453752,99.24182314033595
NGC1003,13799187125.247591,3.7168793258392796,364.9234662081013,10.733043123767684
NGC0100,8586309429.54595,6.534562141090515,165.72517665545752,8.722377718708291
UGC07261,9000663515.33008,6.453424748714198,61.3185899328663,12.26371798657326
NGC6195,313437469638.2186,5.596571445771407,1333.121034236896,63.48195401128076
UGC05414,40622121047.159256,20.31309028148877,13.60172591175919,3.4004314779397977
UGC11820,19507604686.964096,14.00145824818792,53.00991485542015,6.626239356927519
NGC4183,37234086086.33804,10.804695157988741,525.8542921377224,25.04068057798678
UGC08699,45118112627.55987,1.345787636743284,4035.5807348974226,103.47642909993391
NGC2841,296772324113.0109,4.105950449135066,6276.411414259082,130.75857113039754
F567-2,29379747250.641327,25.142339826243138,26.770699782663243,8.92356659422108
NGC2403,21042384423.640488,3.9017739060402508,900.7827339131326,12.687080759339896
NGC4010,81186799814.06624,14.742687212413244,289.27478285590195,28.927478285590194
F574-1,61072803609.255875,28.32332782494886,42.63798970931524,3.5531658091096037
NGC0300,9620619931.105057,6.836154054221259,93.77727432868076,4.077272796899163
F574-2,2.0597203809399829e+21,8346615.539029738,9.82064583947686,3.2735486131589533
UGC08490,2751658827.365109,1.9335211545157331,53.15018084723315,1.898220744544041
UGC07524,7.921810271596537e+20,4389783.520295608,37.652724462308484,1.2983698090451201
ESO563-G021,360493079586.3789,22.130789038353242,2394.836384665916,85.52987088092557
UGC00191,19713884158.95442,11.03988880718818,9.385901511143082,1.3408430730204404
ESO116-G012,17214049030.371574,7.477299129631323,114.26878893941789,8.789906841493684
NGC3521,89825481885.78041,2.658782849273915,2160.2043979566024,55.3898563578616
NGC5985,233062697256.5958,15.143248412723207,637.0721432544592,20.55071429853094
UGC06930,47217868225.82761,15.033642598305631,52.769623360574954,6.596202920071869
NGC1090,106108004817.32034,8.57240129757737,576.6668420655981,26.212129184799913
UGC07323,3488636296169.898,169.1704927929023,9.751288605278333,1.2189110756597916
UGC07125,37094835081.419365,22.405123448713898,97.43485033564396,8.857713666876723
UGC02259,15279814955.121246,11.588523438665474,19.777241405858483,3.2962069009764137
NGC3893,53369480083.38043,2.733966224106436,137.15290080676726,17.144112600845908
NGC3726,102602216245.59651,6.65688810844307,1143.7151697448207,114.37151697448208
UGC04325,118519704032.83124,30.353655176276675,60.30927819798307,10.051546366330511
UGC12506,318000486200.4445,22.636389226034435,1515.6337347989554,52.26323223444674
UGC11455,573458163752.2893,18.44832689313387,12151.88050705331,357.4082502074503
F561-1,736738399282.1628,112.26905272898206,5.9259562412922016,1.4814890603230504
UGC07089,34858900745.373116,18.073344151686438,43.73840534739545,4.373840534739545
UGC05253,109823435384.41673,1.5978365197239832,3872.9178053523237,54.54813810355385
UGC04305,35659466317.843544,19.73852145831984,76.17357772313552,3.808678886156776
UGC06446,24724914380.114315,17.4890934781293,44.03425279565738,2.9356168530438254
NGC3953,327359763015.0581,11.189050070990001,189.4622023032028,31.577033717200464
UGC03546,60543928375.94614,1.0143340191738448,5572.738295836589,199.0263677084496
NGC6503,11579385209.119518,2.009383501501084,1108.9564663246722,38.239878149126625
UGC05005,44895070349.500275,26.034216340717503,16.874022286149454,1.8748913651277173
UGC00634,25305069987.98643,14.244718793991694,11.534666893352517,5.7673334466762585
NGC3992,281726233196.72876,9.10271684523774,1229.5917338763918,175.6559619823417
NGC4088,157433170983.7975,7.747744609119303,3238.9717963310304,323.89717963310306
F579-V1,75996456606.87915,21.49505975288234,67.14239658029061,5.595199715024218
UGC10310,123539937073.61789,40.323762469555255,17.164545237118684,3.432909047423737
NGC5055,75742841769.846,3.885609254118489,457.5368859536619,17.597572536679305
NGC0801,356097254784.08496,7.330560223911655,609.3895530787564,55.39905027988695
F563-1,50241581171.48598,34.42982129624534,13.723611395474713,0.9149074263649808
NGC6946,67483739556.05401,3.0772763012290905,16373.967626673082,292.3922790477336
UGC06614,99067418476.31883,2.648613402758315,667.0678687943015,60.64253352675468
NGC3769,18412434670.125023,2.554171434415403,58.995257245786135,5.899525724578614
NGC3917,139762777821.10684,20.708690243514422,728.5801112894173,48.572007419294486
UGC05999,155558461005.40005,51.136983417893305,31.063187299885684,10.354395766628562
NGC4085,50565986948.23529,6.133770495855723,78.41846980392832,15.683693960785664
NGC3198,64384018566.91877,8.556641743675947,2241.9287146414094,54.681188161985595
F568-3,288858221763.985,68.75185813603512,41.02103713579072,2.56381482098692
NGC5033,65389075492.57397,1.723340457599075,737.8762954405207,36.89381477202603
UGC11557,68329899421.27183,14.73909159421001,97.99726195828728,9.799726195828729
UGC02885,321764341883.57385,4.828083703131218,5281.86740334604,310.6980825497671
NGC5907,250174720591.55963,9.780698727452657,1374.2558483112575,80.83857931242692
UGC06917,30722047940.460514,11.256686512194332,23.98036402096018,2.664484891217798
UGC04499,19582309282.105476,12.74407768461538,6.863351772872848,0.9804788246961211
NGC0289,84169729047.18944,3.962619081710747,1824.3612995316753,70.16774228967982
UGC06983,23584093045.707428,9.664022442111923,116.79194799446512,7.786129866297674
UGC06973,19045532326.81691,0.23426230965828818,2.4500771322791137,0.35001101889701625
UGC02487,525675392656.79675,7.329752478392533,1048.7116660971396,69.91411107314265
UGC09037,94500960118.37671,11.969834921762626,88.47873006003746,4.423936503001873
NGC4051,129619343149.8078,8.71760396082506,1328.8331912449348,265.76663824898696
F571-8,5078930915.087265,2.1486373826919234,251.30239741968845,22.84567249269895
NGC2998,233821454021.03848,11.41844513200056,1277.9663164168715,116.1787560378974
NGC0055,29935519186.63417,14.781063272204419,82.03059703960372,4.317399844189669
NGC2683,68758082153.02281,2.1304917024655903,933.509331911616,103.72325910129067
UGC12632,1114211171006.2615,182.62203138303394,11.49951949460172,0.8845784226616709
F563-V2,336851893017.01605,67.57158965852503,53.2364115491908,6.65455144364885
NGC5585,9105682537.349707,5.784677960710594,21.349866013929784,0.9704484551786265
NGC2976,7.955534461091845e+20,1345297.555242732,931.9120596517555,37.27648238607022
NGC7814,50788780708.5743,0.7991440367383479,175.2309170381563,10.951932314884768
UGC05716,14891110233.059511,16.25919312172128,16.65630351621282,1.665630351621282
F571-V1,26485808018.500916,20.06272573842929,21.48223644909107,4.2964472898182136
UGC11914,108978709134.59006,1.908203990341502,1252.2354874511818,19.87675376906638
NGC0891,60254710220.66345,1.4937029621190308,124.14659249812547,7.759162031132842
DDO170,17329009406.188,19.77423294370766,23.569876902300088,3.928312817050015
F568-V1,43583882478.62573,23.540283755956306,27.194968223220183,2.0919206325553987
ESO079-G014,732660442699.246,54.11555812872426,233.67328458078126,17.974868044675482
UGC06787,78255185720.61395,2.7484951494311565,7361.843590282442,106.6933853664122
NGC2955,240939263005.66394,4.637161405212515,1054.4995384023207,47.931797200105486
UGC03580,21314357395.441936,2.825771298488569,222.9872324368019,4.955271831928931
NGC4100,79215627720.54659,5.462103807803924,4402.631885664157,200.1196311665526
UGC06786,45849341927.33594,1.6078748052988392,2833.0054566086374,65.88384782810785
UGC00128,62971411149.87662,26.4352296653816,239.08836727607203,11.954418363803601
UGC00731,1.7508218695676917e+21,8109186.960192364,181.00406449180213,18.100406449180213
UGC05750,178205086239.94543,72.83882032699306,58.30112540891637,6.47790282321293
UGC07151,15064712154.179401,6.496819319608061,29.741282750601854,3.304586972289095
NGC3972,128180500371.24257,19.3554279656087,128.54121963510764,16.067652454388455
F568-1,1.6773262135190089e+21,5259447.179239985,60.10657158214872,6.010657158214872
NGC7793,23016317782.71965,4.792795990948017,756.7556108021788,17.198991154594975
NGC3877,407502177994.1596,26.209042588381966,509.8967169442871,46.35424699493519
NGC6674,346383705468.40784,6.845299554981781,1216.5477121142337,93.58059323955644
NGC6015,59047772670.34022,5.70967743479274,3568.4485134888464,84.96305984497253
UGC12732,169475848266.74942,62.95618034288561,100.19369873024563,7.156692766446116
NGC2903,48759101993.31186,2.2628800524195705,5102.640209745448,159.45750655454526
UGC02455,11557941956.609983,4.841099353997818,50.196583214994185,8.36609720249903
UGC02023,239787828802.29883,55.72912796599981,18.869567525595162,6.289855841865054
UGC05986,14692609598.375355,6.103851993526395,306.1918854500631,23.553221957697165
UGC06399,43214942664.42579,21.506150165538504,19.077427089805557,2.7253467271150797
UGC09133,266462816849.86218,4.124301728246603,3048.2175491663265,46.185114381307976
NGC0024,12742443138.403328,3.9500880565624024,1191.618159332793,44.13400590121456
UGC02953,226043326664.39307,3.665902850096883,15820.086550543725,140.00076593401528
NGC4138,32693900436.36921,0.803127120345544,82.5716721357915,16.5143344271583
NGC0247,122615078485.46092,32.45634038284589,115.28290225864332,4.803454260776805
IC4202,272748701949.48676,18.67595294767155,1154.159614650603,38.4719871550201
UGC08286,9232666122.568478,8.218783683942116,60.52447180348065,4.03496478689871
NGC4559,39356200190.328964,6.8196251035614015,222.913566795817,7.430452226527233
UGC01230,54431563099.87909,22.872280900207837,36.76557911751171,4.08506434639019
UGC06628,162229291528.1685,43.88455108696257,4.2518122986759685,0.8503624597351938
NGC4013,61982872716.90125,0.7871223241753174,1698.8774275922938,49.96698316447923
UGC03205,106905436304.65863,3.7593089564287427,2579.4225914288572,56.07440416149689
NGC7331,173655428746.99634,2.8610691113275033,1244.389906808543,36.59970314142773
UGC02916,84750755804.80287,5.240671926418197,3927.675302142505,95.79695858884159
UGC06923,9169490083.64172,4.50615930214351,4.1813151158302,1.04532877895755
NGC4217,62364022366.192696,3.802649743228292,1856.2403439262505,109.19060846625003
NGC3949,60950582182.77247,3.843487085605324,291.99006720592484,58.39801344118497
NGC4389,64489080882.74347,8.980804561692866,43.27159388794344,10.81789847198586
NGC4157,122375193408.18721,4.934831553994125,3686.6297547841573,245.7753169856105
DDO161,11650975494.50277,11.175080507874437,115.48497947577536,3.982240671578461
