GalaxyID,M_b_fit,a_fit,ChiSq,M_b_fit_bulge,a_fit_bulge,ChiSq_bulge
NGC5371,337907078430.82477,10.718281851693632,5220.849666719205,,,
UGC05829,5.878777329943729e+25,1252023733.2118511,182.81759693901438,,,
NGC5005,303874174953.77704,7.392089020756519,1667.2292878762369,15023019865.05375,0.40752431688399887,1970.0142077413975
UGCA444,6685486216.3728075,13.210178859826708,133.680930469519,,,
NGC1003,13799183651.084286,3.7168777084431013,364.9234662150292,,,
UGC07559,19481632938.834217,21.25338802138123,1.681912204197382,,,
NGC0100,8586208020.20881,6.534494285011815,165.725176674451,,,
UGC07261,9000724521.723988,6.4534597541083585,61.3185899305903,,,
NGC6195,930337266454.7578,38.44874782565698,4153.621901989697,110526348446.66803,2.256989407386542,1337.4329660208616
UGC01281,948807041690.4945,170.27177800231385,60.30576982102392,,,
UGC05414,40622376049.456024,20.313162935151492,13.601725911686492,,,
UGC08837,3.121871072956411e+23,85207851.33571391,22.859685800303804,,,
UGC11820,19507549496.73063,14.00142696708168,53.00991485693467,,,
UGC06667,1.1281826133240462e+25,656471925.4439228,89.71636677550889,,,
NGC4183,37233979684.48392,10.80466557185776,525.8542921250673,,,
UGC08699,71722044986.06192,5.617624888355318,3302.333862149906,11297831108.603333,0.4034746056535028,5352.265602638624
F583-4,15405071199.261318,14.396123731170148,29.578700332374673,,,
UGC07399,4229939985.811077,3.924455913371269,6.455096618295373,,,
NGC2841,292985274193.56604,6.902376903406448,18971.15848302923,38949917385.84298,0.0055713323929683515,0.45629396205763667
F567-2,29379943513.083195,25.142445363505825,26.770699782015104,,,
NGC2403,21042430580.189964,3.9017828686759923,900.7827338726497,,,
NGC4010,81186466903.26018,14.742644206109908,289.27478284955475,,,
F574-1,61072917855.15995,28.323361708829975,42.63798970928919,,,
NGC0300,9620628977.844482,6.836160074633476,93.77727432779196,,,
NGC3741,593681132.9897519,3.453927386509555,41.16160252407615,,,
NGC4214,1416833498.3715136,0.9441401700231595,151.88910788710749,,,
PGC51017,846467511.0785774,2.7251678269999307,9.351196725557529,,,
CamB,926656581.0756018,4.762019430799173,12.244844653963646,,,
UGC07866,37613127130.50925,30.106938952916572,1.132051964881119,,,
F574-2,5.186353167950342e+24,418830467.94564897,9.820581383345067,,,
NGC2915,924096888.9049113,1.0311395343702796,180.83240227323307,,,
UGC08490,2751657764.4516916,1.9335200905996774,53.15018084859175,,,
UGC07524,9.658975487310337e+33,15328371542414.176,37.6524271845588,,,
UGC05721,1495091927.0435483,1.4515288707314662,80.48312311422326,,,
ESO563-G021,360493149691.91925,22.130792957558462,2394.8363846506954,,,
UGC00191,19713873741.774113,11.039884777336523,9.38590151117706,,,
ESO116-G012,17214154850.255592,7.477337296303209,114.26878892971483,,,
NGC3521,89825393141.3526,2.658779880358619,2160.204398048821,,,
NGC5985,417280460831.6386,29.83115379362638,1647.8425320031345,7364410066.188812,0.002761426395102645,0.0038896092592780097
UGC05918,2.345444292898621e+23,108416217.23516011,6.336524475397803,,,
UGC06930,47217858266.24703,15.033639993808288,52.76962336059157,,,
NGC1090,106107700758.43114,8.572371406095346,576.6668421330992,,,
UGC07323,3488633966906.878,169.17043523938491,9.751288605278436,,,
UGC07125,37094959988.54341,22.40517943992854,97.43485033654851,,,
UGC02259,15279803346.444662,11.588517181989392,19.777241405552914,,,
NGC3893,53369521389.43128,2.733969680696311,137.1529008022645,,,
NGC3726,102603054617.77457,6.656959904746088,1143.715169657929,,,
NGC2366,15419317497.211597,15.590910875561663,54.479529984966135,,,
UGC04325,118523666083.59898,30.354225742829684,60.309278194490346,,,
UGC12506,317998781656.21655,22.636266240757344,1515.633734880978,,,
UGC11455,573467825579.8433,18.44860079541358,12151.88051041917,,,
NGC1705,783297354.3271248,0.6627367990850344,60.936194606157216,,,
F563-V1,1699136686917.895,271.75906161042013,12.731438961607552,,,
F561-1,736740622619.6448,112.26923239862617,5.925956241290359,,,
UGC06818,6498759599.22593,7.2827246742650145,2.72588859610803,,,
UGC07089,34858759139.539276,18.0732953330548,43.73840534791247,,,
UGC05253,129316688240.68568,15.357408647789578,5593.573558150157,79412097826.88847,1.1940917436415681,5224.564686266428
UGC04305,35659189849.682785,19.738431261944758,76.17357772203454,,,
UGC06446,24724902398.18948,17.48908779902084,44.034252795659555,,,
NGC3953,327359726128.832,11.189048929992675,189.4622023032765,,,
NGC6789,19439330857.001472,11.177416594922216,6.13817586193382,,,
UGC07232,2446128413.60115,3.316755997630461,6.481488392136805,,,
UGC03546,90062674124.21443,4.81965307734509,5018.630970457902,15063557904.218542,0.07119662850858671,197.26393118415416
NGC6503,11579352992.72119,2.00937255575385,1108.9564661158925,,,
UGC05005,44895006003.92498,26.03418816787996,16.874022286370053,,,
UGC07690,1810948065.8024964,1.362899019787092,0.7789017433889391,,,
UGC00634,25305073009.297768,14.24472029203517,11.534666893339324,,,
DDO154,1906734746.453304,6.529645058056111,9.434240505046182,,,
UGC07603,1264212650.6946707,2.198328837689707,25.199139693322078,,,
NGC3992,281725778287.7737,9.102692369940723,1229.5917339595483,,,
NGC4088,157428666401.97882,7.747497710789261,3238.9717976470183,,,
F579-V1,75996710590.33784,21.495108427419645,67.1423965789713,,,
ESO444-G084,946008685.1564736,2.6728325490322344,36.225104539482594,,,
F565-V2,4.4444240958923446e+23,135040120.03891614,3.1796682880116443,,,
UGC10310,123539083265.8281,40.32360476453153,17.164545237310605,,,
NGC5055,75742842759.02727,3.8856093269997687,457.5368859535947,,,
NGC0801,356097253332.7059,7.3305601906475735,609.3895530787591,,,
F563-1,50241584012.91216,34.42982259560885,13.723611395475077,,,
NGC6946,91818047430.51797,5.732157528505122,8874.96976709322,2419381842.4902167,0.06221877477519768,50.79332191772766
UGC06614,182229859816.43292,31.482650216249453,998.0956328594988,51307029889.842735,0.8245240552414557,67.03803554141146
NGC3769,18412435496.301853,2.554171636129697,58.995257245714555,,,
NGC3917,139760919979.21054,20.708494600782725,728.5801111651871,,,
UGC05999,155558846193.89023,51.13706096934163,31.06318729983635,,,
NGC4085,50565811411.460014,6.133753542011756,78.41846980154114,,,
NGC3198,64384064210.56422,8.556647847546214,2241.9287146484476,,,
F568-3,288859775645.6905,68.75206918429086,41.02103713630381,,,
NGC5033,72309535153.91544,4.628201559837165,1817.10038613558,12320365279.719461,0.3074796383364913,179.19636271484612
UGC11557,68329848986.23923,14.739084173946281,97.99726195833446,,,
UGC02885,533673974514.1165,21.737050946387015,846.6994414998632,52795190144.99982,0.584150892909189,384.4349366526165
KK98-251,3.869181761531284e+23,108115788.4376774,58.07787463679036,,,
NGC5907,250174651647.38425,9.780694657738067,1374.2558483287064,,,
UGC06917,30722080324.685013,11.256695717958163,23.98036402111628,,,
UGC09992,3201392545.296552,5.8064166467053395,0.4845259587935475,,,
UGC04499,19582308914.250225,12.744077518456782,6.863351772872894,,,
NGC0289,84169671716.52489,3.9626145738032665,1824.3612995507667,,,
UGC06983,23584194502.830624,9.664060898933583,116.79194799907064,,,
UGC06973,15176244678.765572,0.3189281731417894,3.2071110665828355,3965482894.6511173,3.770775172089552e-14,0.0012018344556157614
UGC02487,491808816067.27673,10.302357157367489,1748.5492613687143,63265110816.223335,0.42293899020744696,4.1107082170450004
UGC09037,94500964381.25269,11.969835491739163,88.47873006005554,,,
NGC4051,129619241433.63997,8.717597919200324,1328.8331912493106,,,
F571-8,5078945274.251067,2.1486451953595296,251.3023973604473,,,
D564-8,266649550.68276542,3.3762870909159144,0.811546208040914,,,
UGC00891,5405892697.997299,8.75955029316003,11.159678799537556,,,
NGC2998,233820911953.60004,11.418417557927375,1277.9663165458892,,,
NGC0055,29935486254.480003,14.781050884180631,82.03059704120136,,,
NGC2683,66247986893.24855,2.4589706419037802,1141.9314508092598,3671957257.4675136,0.0028927190182996103,0.00022173877905304912
UGC12632,1114211791951.5293,182.62208442017692,11.499519494601952,,,
F563-V2,336849299799.3693,67.5713004482315,53.23641154949526,,,
NGC5585,9105683268.909779,5.784678364856596,21.349866013934093,,,
NGC2976,2.1600716219318824e+25,221676626.00127146,931.908362277606,,,
NGC7814,36632418663.65065,5.857114516830615,874.9285710351458,32973761662.993587,0.49092413753937914,102.38440158304378
UGC05716,14891116802.42681,16.25919832075641,16.656303516227812,,,
F571-V1,26485953218.71499,20.062803763128258,21.48223644837547,,,
F583-1,6.136504239676165e+24,516396631.59158427,49.64614911072611,,,
UGC11914,378219915053.9204,13.746638852884905,5534.792648687668,42109238755.56079,0.9210697278673664,2663.0298763689366
NGC0891,71872782279.78833,4.219045765240765,3317.319855817892,11669041177.858633,0.1772276669553359,46.41883092910387
DDO170,17328946663.26991,19.774183223489302,23.569876903055736,,,
F568-V1,43583886875.82841,23.540285323077175,27.19496822322166,,,
ESO079-G014,732660168355.8555,54.1155461752867,233.67328458080564,,,
UGC06787,143474409415.6625,9.774144056982509,13985.610508786405,12997006465.836485,0.6332414946325148,1783.9483488738133
D631-7,1334197445.8344517,3.0052210733130327,46.77830133804044,,,
NGC2955,370334284816.51227,18.017227276080153,2894.2157826417083,85678328143.53029,2.1986284273910375,5258.769538262989
UGC03580,26043955734.20919,4.514138391607733,1975.8255345751993,1445087874.9685905,0.57844678346251,651.9128380696968
NGC4100,79215480311.79222,5.462089676750391,4402.631885985306,,,
UGC06786,80736885649.78416,8.876942017318576,10323.633791238795,15839260814.220127,0.670688597537698,1980.6879292251106
UGC00128,62971377245.13076,26.43521563117966,239.08836727737093,,,
NGC4068,4.1272144041138594e+23,81159053.05936727,9.967867535530017,,,
UGC00731,7.583252650253428e+24,533686880.13023585,181.00340485552613,,,
UGC07608,1.1720363298682938e+24,195714585.8250602,7.097437655348642,,,
UGC05750,178205235209.657,72.83885491919956,58.30112540870184,,,
UGCA442,2805410016.5905223,6.0844856698694105,72.26316696156199,,,
UGC04278,1.6902031327317004e+25,580567062.8669692,455.2683577937052,,,
UGC07151,15064701884.65786,6.496816008545114,29.741282750649155,,,
NGC3972,128180638522.04446,19.355441340834254,128.5412196343216,,,
F568-1,1.9245351876239858e+24,178154259.6304426,60.10621501101488,,,
NGC7793,23016245679.816486,4.792784286531527,756.7556108235991,,,
NGC3877,407502175924.2943,26.209042523487096,509.89671694428773,,,
NGC6674,379973620138.7409,10.015079642384151,4387.538376971225,13673033816.731222,0.011283898269739844,0.008254479646420097
NGC6015,59048419802.122475,5.709750939239292,3568.4485126708987,,,
UGC12732,169476098364.8127,62.95623432404962,100.19369873002387,,,
DDO168,2788207648.339783,4.405876189405254,10.775425067128529,,,
NGC2903,48759072375.90461,2.262878096062119,5102.640209920658,,,
UGC02455,11558012000.750776,4.841121287213333,50.196583212457,,,
UGC02023,239774682454.43564,55.72752432118075,18.869567525582198,,,
DDO064,4.3610468148844595e+24,291370502.7403936,76.92088277568786,,,
UGC05986,14692551696.563711,6.103830382243118,306.1918854298263,,,
UGCA281,1593265626.6938548,3.8593729069250435,14.376951843735903,,,
UGC06399,43215212044.51046,21.50623304204986,19.077427089281812,,,
UGC09133,319346152712.1777,9.993521555760442,21484.125281552337,51252313739.323494,1.1570893982264934,5723.214982149079
NGC0024,12742313382.37276,3.9500568962523466,1191.6181588837665,,,
UGC08550,1565943997.9528072,2.96367669689856,50.84168178482755,,,
UGC02953,303788110312.90845,7.9256459397714085,80597.90710426524,24448651767.96518,0.7159607299323644,13414.927499020774
NGC4138,27455882614.27912,1.123493731052766,124.38161366511561,5775403048.59472,0.0010389456841529312,4.182254707022765e-05
NGC0247,122614698724.22267,32.456276255413144,115.28290225810926,,,
IC4202,970202946035.5006,55.383364216574485,5419.357174952036,8626688584.655888,1.8165657475178356,400.6068336590821
UGC08286,9232610975.688618,8.218745645895597,60.52447180262211,,,
IC2574,7.60829367880773e+23,193825526.91036093,65.42051329282792,,,
NGC4559,39356187778.91318,6.819622450434575,222.91356679601978,,,
UGC01230,54431572566.988815,22.872284136469446,36.76557911749338,,,
UGC07577,2.1289496507886147e+23,100227847.17400937,6.513455549917317,,,
UGC06628,162229289124.50372,43.884550851228845,4.251812298676147,,,
NGC4013,49477468418.371346,1.0232155035286083,2227.239264747722,12667065209.381014,0.08519414645204916,0.9425571367264617
UGC03205,175122396419.2411,11.705021062769731,15404.312627193392,20167565680.436443,1.0330891788240402,3544.7744043450143
NGC7331,170619031849.06226,3.2669469470948744,1830.9460576827692,7138652081.045102,0.0004898963679317082,0.0008910193262918967
UGC02916,497808734990.94965,47.544837864272594,1274.2317908094578,25123959888.07776,1.9582025572956292,3688.101642370908
UGC06923,9169491101.360497,4.506159728709555,4.181315115828665,,,
UGC04483,763387707.8106652,3.3409253787643416,3.544783721842085,,,
NGC4217,77188066765.2905,14.042629350647697,2198.8658912586957,28339758844.495262,2.2754220844730866,2501.239027078832
NGC3109,22341361389.708454,28.208285357405778,51.001631106664256,,,
UGC05764,2115214037347.8777,241.26251010493073,25.68047879288072,,,
NGC3949,60950434465.132416,3.843477560066183,291.99006720503326,,,
D512-2,1518715962.0533886,5.505985268453684,2.6730788091312303,,,
NGC4389,64489101915.34173,8.980806589486463,43.271593887957565,,,
NGC4157,125752427562.58911,5.434453171292604,4698.416093297757,1313766292.2078507,4.217451995289806e-14,0.00011092958750046625
DDO161,11651028111.5891,11.175121244967965,115.48497946137468,,,
